pdb_id,pos,wild_type,mutant,ddg
1cspA,46,A,K,-1.41
1cspA,12,E,K,0.48
1cspA,65,K,E,1.39
1cspA,25,D,K,1.31
1cspA,66,E,L,-1.68
1cspA,65,K,Q,0.55
1cspA,39,K,Q,0.07
1cspA,13,K,Q,0.17
1cspA,3,E,R,-1.54
1cspA,10,N,K,1.47
1cspA,53,E,K,0.19
1cspA,42,E,K,-0.05
1cspA,42,E,Q,0.16
1cspA,13,K,E,0.37
1cspA,24,D,N,0.67
1cspA,38,F,A,-0.23
1cspA,17,F,A,1.44
1cspA,65,K,I,-1.53
1cspA,53,E,Q,-0.2
1cspA,3,E,K,-2.75
1cspA,3,E,Q,-1.1
1cspA,50,E,K,0.28
1cspA,48,S,E,-0.04
1cspA,50,E,Q,1.14
1cspA,43,E,K,-0.23
1cspA,20,V,Q,1.9
1cspA,15,F,A,1.97
1cspA,5,K,E,2.28
1cspA,43,E,S,-0.29
1cspA,66,E,K,-2.17
1cspA,19,E,K,0.62
1cspA,56,R,Q,-0.26
1cspA,25,D,Q,0.77
1cspA,39,K,E,0.24
1cspA,46,A,E,0.29
1cspA,5,K,Q,1.41
1cspA,10,N,D,-0.41
1cspA,21,E,Q,0.33
1cspA,27,F,A,0.73
1cspA,1,M,R,-1.74
1cspA,48,S,R,-1.58
1cspA,3,E,L,-1.0
1cspA,19,E,Q,0.25
1cspA,48,S,K,-0.67
1cspA,21,E,K,0.15
1cspA,55,N,D,-0.46
1cspA,55,N,K,0.04
1cspA,20,V,K,2.03
1cspA,24,D,K,0.46
1cspA,43,E,Q,-0.05
